Amber Malt Özütü;99.90;<a href=https://www.fermantasyonmarket.com/urun/amber-malt-ozutu>https://www.fermantasyonmarket.com/urun/amber-malt-ozutu</a>
Brew Box Light DME (Kuru Malt Özü Açık Renkli) - 500 gr;99.90;<a href=https://vinomarket.com.tr/urun/kuru-malt-ekstrakti-acik-renkli-500-g>https://vinomarket.com.tr/urun/kuru-malt-ekstrakti-acik-renkli-500-g</a>
Sarı Malt Özütü;99.90;<a href=https://www.fermantasyonmarket.com/urun/sari-malt-ozutu>https://www.fermantasyonmarket.com/urun/sari-malt-ozutu</a>
Malt Crafters Sıvı Malt Özü - Amber;104.90;<a href=https://vinomarket.com.tr/urun/malt-crafters-sivi-malt-ozu-amber>https://vinomarket.com.tr/urun/malt-crafters-sivi-malt-ozu-amber</a>
Malt Crafters Sıvı Malt Özü - Light;104.90;<a href=https://vinomarket.com.tr/urun/malt-crafters-sivi-malt-ozu-light>https://vinomarket.com.tr/urun/malt-crafters-sivi-malt-ozu-light</a>
Siyah Malt Özütü;109.00;<a href=https://www.fermantasyonmarket.com/urun/siyah-malt-ozutu>https://www.fermantasyonmarket.com/urun/siyah-malt-ozutu</a>
Yaz Aşkı Ale;114.90;<a href=https://www.butikbira.com/collections/bira-kitleri/products/yaz-aski-ale>https://www.butikbira.com/collections/bira-kitleri/products/yaz-aski-ale</a>
Yaz Aşkı Export;114.90;<a href=https://www.butikbira.com/collections/bira-kitleri/products/yaz-aski-export>https://www.butikbira.com/collections/bira-kitleri/products/yaz-aski-export</a>
Yaz Aşkı Lager;114.90;<a href=https://www.butikbira.com/collections/bira-kitleri/products/yaz-aski-lager>https://www.butikbira.com/collections/bira-kitleri/products/yaz-aski-lager</a>
Yaz Aşkı Pilsner;114.90;<a href=https://www.butikbira.com/collections/bira-kitleri/products/yaz-aski-pilsner>https://www.butikbira.com/collections/bira-kitleri/products/yaz-aski-pilsner</a>
Buğday Malt Özütü;119.90;<a href=https://www.fermantasyonmarket.com/urun/bugday-malt-ozutu>https://www.fermantasyonmarket.com/urun/bugday-malt-ozutu</a>
Odin - Açık Sarı - Şerbetçiotlu Malt Özü;134.90;<a href=https://vinomarket.com.tr/urun/odin-acik-sari-lager-serbetci-otlu-malt-ozu>https://vinomarket.com.tr/urun/odin-acik-sari-lager-serbetci-otlu-malt-ozu</a>
Brew Box British Golden - Şerbetçiotlu Malt Özü;139.00;<a href=https://vinomarket.com.tr/urun/british-golden-serbetciotlu-malt-ozu>https://vinomarket.com.tr/urun/british-golden-serbetciotlu-malt-ozu</a>
Biradaş Siyah’ım Stout %100 Malt;139.99;<a href=https://www.biradas.com/biradas-siyah-im-stout-yuzde100-malt--stout5>https://www.biradas.com/biradas-siyah-im-stout-yuzde100-malt--stout5</a>
Açık Sarı Şerbetçiotsuz Malt Özü;141.00;<a href=https://www.tazemayse.com/urun/acik-sari-malt-ozu>https://www.tazemayse.com/urun/acik-sari-malt-ozu</a>
Brew Box Açık Sarı - Şerbetçiotlu Malt Özü;149.00;<a href=https://vinomarket.com.tr/urun/lager-serbetciotlu-malt-ozu>https://vinomarket.com.tr/urun/lager-serbetciotlu-malt-ozu</a>
Brooklyn - Amerikan Amber - Şerbetçiotlu Malt Özü;149.00;<a href=https://vinomarket.com.tr/urun/brooklyn-american-amber-serbetci-otlu-malt-ozu>https://vinomarket.com.tr/urun/brooklyn-american-amber-serbetci-otlu-malt-ozu</a>
Grumpy Old Bugger - Açık Sarı - Şerbetçiotlu Malt Özü;149.00;<a href=https://vinomarket.com.tr/urun/grumpy-old-bugger-pilsner>https://vinomarket.com.tr/urun/grumpy-old-bugger-pilsner</a>
Grumpy Old Bugger - IPA - Şerbetçiotlu Malt Özü;149.00;<a href=https://vinomarket.com.tr/urun/grumpy-old-bugger-ipa>https://vinomarket.com.tr/urun/grumpy-old-bugger-ipa</a>
Grumpy Old Bugger - Stout - Şerbetçiotlu Malt Özü;149.00;<a href=https://vinomarket.com.tr/urun/grumpy-old-bugger-stout>https://vinomarket.com.tr/urun/grumpy-old-bugger-stout</a>
Lone Wolf - Açık Sarı - Şerbetçiotlu Malt Özü;149.00;<a href=https://vinomarket.com.tr/urun/lone-wolf-acik-sari-serbetci-otlu-malt-ozu>https://vinomarket.com.tr/urun/lone-wolf-acik-sari-serbetci-otlu-malt-ozu</a>
Lone Wolf - IPA - Şerbetçiotlu Malt Özü;149.00;<a href=https://vinomarket.com.tr/urun/lone-wolf-india-pale-serbetci-otlu-malt-ozu>https://vinomarket.com.tr/urun/lone-wolf-india-pale-serbetci-otlu-malt-ozu</a>
Nottingham - Red - Şerbetçiotlu Malt Özü;149.00;<a href=https://vinomarket.com.tr/urun/notthingham-english-red-serbetci-otlu-malt-ozu>https://vinomarket.com.tr/urun/notthingham-english-red-serbetci-otlu-malt-ozu</a>
Brew Box Sarı - Şerbetçiotlu Malt Özü;149.90;<a href=https://vinomarket.com.tr/urun/brew-box-acik-sari-serbetciotlu-malt-ozu>https://vinomarket.com.tr/urun/brew-box-acik-sari-serbetciotlu-malt-ozu</a>
Brew Box Bamberg Smoke - Şerbetçiotlu Malt Özü;159.00;<a href=https://vinomarket.com.tr/urun/bamberg-smoke-serbetciotlu-malt-ozu>https://vinomarket.com.tr/urun/bamberg-smoke-serbetciotlu-malt-ozu</a>
Darwin - British Golden - Şerbetçi Otlu Malt Özü;159.00;<a href=https://vinomarket.com.tr/urun/darwin-british-golden-ale-serbetci-otlu-malt-ozu>https://vinomarket.com.tr/urun/darwin-british-golden-ale-serbetci-otlu-malt-ozu</a>
Denizci - Amerikan Pale - Şerbetçiotlu Malt Özü;159.00;<a href=https://vinomarket.com.tr/urun/denizci-amerikan-pale-ale>https://vinomarket.com.tr/urun/denizci-amerikan-pale-ale</a>
Harbinger - Porter - Şerbetçiotlu Malt Özü;159.00;<a href=https://vinomarket.com.tr/urun/harbinger-porter-serbetciotlu-malt-ozu>https://vinomarket.com.tr/urun/harbinger-porter-serbetciotlu-malt-ozu</a>
Stormbringer - British Golden - Şerbetçiotlu Malt Özü - Özel Tahıllı;159.00;<a href=https://vinomarket.com.tr/urun/storm-bringer-serbetciotu-malt-ozu-ozel-tahilli-1>https://vinomarket.com.tr/urun/storm-bringer-serbetciotu-malt-ozu-ozel-tahilli-1</a>
BELGIAN Şerbetçiotlu Malt Özütü;159.90;<a href=https://www.fermantasyonmarket.com/urun/belgian-serbetciotlu-malt-ozutu>https://www.fermantasyonmarket.com/urun/belgian-serbetciotlu-malt-ozutu</a>
Munich Export Pilsner Şerbetçi Otlu Malt Özü;159.90;<a href=https://www.kedikoy.com.tr/kedikoy-munich-export-pilsener>https://www.kedikoy.com.tr/kedikoy-munich-export-pilsener</a>
Oktober - Şerbetçiotlu Buğday Maltı Özü (Yanında Soğutma Termos Çantası Hediye);159.90;<a href=https://vinomarket.com.tr/urun/oktober-weiss-serbetci-otlu-bugday-malti-ozu>https://vinomarket.com.tr/urun/oktober-weiss-serbetci-otlu-bugday-malti-ozu</a>
Prag Pilsner Şerbetçi Otlu Malt Özü;159.90;<a href=https://www.kedikoy.com.tr/kedikoy-prag>https://www.kedikoy.com.tr/kedikoy-prag</a>
SIERRA (Pale Ale) Şerbetçiotlu Malt Özütü;159.90;<a href=https://www.fermantasyonmarket.com/urun/sierra-pale-ale-serbetciotlu-malt-ozutu>https://www.fermantasyonmarket.com/urun/sierra-pale-ale-serbetciotlu-malt-ozutu</a>
BAVARIA ( Buğday ) Şerbetçiotlu Buğday Maltı Özütü;164.90;<a href=https://www.fermantasyonmarket.com/urun/bavaria-bugday-serbetciotlu-bugday-malti-ozu>https://www.fermantasyonmarket.com/urun/bavaria-bugday-serbetciotlu-bugday-malti-ozu</a>
Belgian Ale Şerbetçi Otlu Malt Özü;164.90;<a href=https://www.kedikoy.com.tr/belgian>https://www.kedikoy.com.tr/belgian</a>
London Red Ale Şerbetçi Otlu Malt Özü;164.90;<a href=https://www.kedikoy.com.tr/london-redale>https://www.kedikoy.com.tr/london-redale</a>
Sierra Pale Ale Şerbetçi Otlu Malt Özü;164.90;<a href=https://www.kedikoy.com.tr/kedikoy-sierra-kedikoy-paleale>https://www.kedikoy.com.tr/kedikoy-sierra-kedikoy-paleale</a>
Biradaş Sarı’m Pilsner %100 Malt;165.90;<a href=https://www.biradas.com/biradas-sari-m-pilsner-yuzde100-malt-sari1>https://www.biradas.com/biradas-sari-m-pilsner-yuzde100-malt-sari1</a>
Biradaş Turuncu’m Belçika %100 Malt;165.90;<a href=https://www.biradas.com/biradas-turuncu-m-belcika-yuzde100-malt--belcika4>https://www.biradas.com/biradas-turuncu-m-belcika-yuzde100-malt--belcika4</a>
Land s End - Stout - Şerbetçiotlu Malt Özü - Özel Tahıllı;169.00;<a href=https://vinomarket.com.tr/urun/lands-end-black-serbetci-otlu-malt-ozu-ozel-tahilli>https://vinomarket.com.tr/urun/lands-end-black-serbetci-otlu-malt-ozu-ozel-tahilli</a>
Bavaria Buğday Şerbetçi Otlu Malt Özü;169.90;<a href=https://www.kedikoy.com.tr/bavaria-bugday-serbetci-otlu-malt-ozu>https://www.kedikoy.com.tr/bavaria-bugday-serbetci-otlu-malt-ozu</a>
Butik Bock;169.90;<a href=https://www.butikbira.com/collections/bira-kitleri/products/butik-bock>https://www.butikbira.com/collections/bira-kitleri/products/butik-bock</a>
Butik Export;169.90;<a href=https://www.butikbira.com/collections/bira-kitleri/products/butik-export>https://www.butikbira.com/collections/bira-kitleri/products/butik-export</a>
Butik Lager;169.90;<a href=https://www.butikbira.com/collections/bira-kitleri/products/butik-lager>https://www.butikbira.com/collections/bira-kitleri/products/butik-lager</a>
Butik Pilsner;169.90;<a href=https://www.butikbira.com/collections/bira-kitleri/products/butik-pilsner>https://www.butikbira.com/collections/bira-kitleri/products/butik-pilsner</a>
Butik Stout;169.90;<a href=https://www.butikbira.com/collections/bira-kitleri/products/butik-stout>https://www.butikbira.com/collections/bira-kitleri/products/butik-stout</a>
Butik Wheat;169.90;<a href=https://www.butikbira.com/collections/bira-kitleri/products/butik-wheat>https://www.butikbira.com/collections/bira-kitleri/products/butik-wheat</a>
DELHI ( İPA ) Şerbetçiotlu Malt Özütü;169.90;<a href=https://www.fermantasyonmarket.com/urun/delhi-ipa-serbetciotlu-malt-ozutu>https://www.fermantasyonmarket.com/urun/delhi-ipa-serbetciotlu-malt-ozutu</a>
Dublin Stout Şerbetçi Otlu Malt Özü;169.90;<a href=https://www.kedikoy.com.tr/kedikoy-dublin-stout-porter>https://www.kedikoy.com.tr/kedikoy-dublin-stout-porter</a>
Grumpy Old Bugger - Berliner Weisse Limonlu - Şerbetçiotlu Malt Özü;169.90;<a href=https://vinomarket.com.tr/urun/grumpy-old-bugger-berliner-weisse-limonlu-serbetciotlu-malt-ozu>https://vinomarket.com.tr/urun/grumpy-old-bugger-berliner-weisse-limonlu-serbetciotlu-malt-ozu</a>
Grumpy Old Bugger - Berliner Weisse Vişneli - Şerbetçiotlu Malt Özü;169.90;<a href=https://vinomarket.com.tr/urun/grumpy-old-bugger-berliner-weiss-serbetciotlu-malt-ozu>https://vinomarket.com.tr/urun/grumpy-old-bugger-berliner-weiss-serbetciotlu-malt-ozu</a>
KRIEK ( Vişneli Ale ) Şerbetçiotlu Malt Özütü;169.90;<a href=https://www.fermantasyonmarket.com/urun/kriek-visneli-ale-serbetciotlu-malt-ozu>https://www.fermantasyonmarket.com/urun/kriek-visneli-ale-serbetciotlu-malt-ozu</a>
SEATTLE Kahveli Stout Şerbetçi Otlu Malt Özü;169.90;<a href=https://www.fermantasyonmarket.com/urun/seattle-kahveli-stout-serbetci-otlu-malt-ozu>https://www.fermantasyonmarket.com/urun/seattle-kahveli-stout-serbetci-otlu-malt-ozu</a>
American Malt Özütü;171.00;<a href=https://www.tazemayse.com/urun/american-malt-ozutu>https://www.tazemayse.com/urun/american-malt-ozutu</a>
Bohemian Pilsner Malt Özütü;171.00;<a href=https://www.tazemayse.com/urun/mexican-cerveza-lager>https://www.tazemayse.com/urun/mexican-cerveza-lager</a>
German Lager Malt Özütü;171.00;<a href=<a href=https://www.tazemayse.com/urun/german-wheat-bugday-malt-ozutu>https://www.tazemayse.com/urun/german-wheat-bugday-malt-ozutu</a>-1>https://www.tazemayse.com/urun/german-wheat-bugday-malt-ozutu-1</a>
German Wheat Buğday Malt Özütü;171.00;<a href=https://www.tazemayse.com/urun/german-wheat-bugday-malt-ozutu>https://www.tazemayse.com/urun/german-wheat-bugday-malt-ozutu</a>
Kriek Vişneli Ale Şerbetçi Otlu Malt Özü;174.90;<a href=https://www.kedikoy.com.tr/kriek-visneli-ale>https://www.kedikoy.com.tr/kriek-visneli-ale</a>
Seattle Kahveli Stout Şerbetçi Otlu Malt Özü;174.90;<a href=https://www.kedikoy.com.tr/seattle-kahveli-stout-serbetciotlu>https://www.kedikoy.com.tr/seattle-kahveli-stout-serbetciotlu</a>
Winter Saga - Amber - Şerbetçiotlu Malt Özü 1.8 kg;179.00;<a href=https://vinomarket.com.tr/urun/winter-saga-acik-sari-serbetciotlu-malt-ozu-1-8-kg-yaninda-sogutma-termos-cantasi-hediye>https://vinomarket.com.tr/urun/winter-saga-acik-sari-serbetciotlu-malt-ozu-1-8-kg-yaninda-sogutma-termos-cantasi-hediye</a>
Delhi IPA Şerbetçi Otlu Malt Özü;179.90;<a href=https://www.kedikoy.com.tr/kedikoy-delhi-ipa>https://www.kedikoy.com.tr/kedikoy-delhi-ipa</a>
Summer Bock;184.90;<a href=https://www.butikbira.com/collections/bira-kitleri/products/summer-bock>https://www.butikbira.com/collections/bira-kitleri/products/summer-bock</a>
Summer Export;184.90;<a href=https://www.butikbira.com/collections/bira-kitleri/products/summer-export>https://www.butikbira.com/collections/bira-kitleri/products/summer-export</a>
Summer Lager;184.90;<a href=https://www.butikbira.com/collections/bira-kitleri/products/summer-lager>https://www.butikbira.com/collections/bira-kitleri/products/summer-lager</a>
Summer Pilsner;184.90;<a href=https://www.butikbira.com/collections/bira-kitleri/products/summer-pilsner>https://www.butikbira.com/collections/bira-kitleri/products/summer-pilsner</a>
Summer Stout;184.90;<a href=https://www.butikbira.com/collections/bira-kitleri/products/summer-stout>https://www.butikbira.com/collections/bira-kitleri/products/summer-stout</a>
Summer Wheat;184.90;<a href=https://www.butikbira.com/collections/bira-kitleri/products/summer-wheat>https://www.butikbira.com/collections/bira-kitleri/products/summer-wheat</a>
Winter Bock;184.90;<a href=https://www.butikbira.com/collections/bira-kitleri/products/winter-bock>https://www.butikbira.com/collections/bira-kitleri/products/winter-bock</a>
Winter Export;184.90;<a href=https://www.butikbira.com/collections/bira-kitleri/products/winter-export>https://www.butikbira.com/collections/bira-kitleri/products/winter-export</a>
Winter Lager;184.90;<a href=https://www.butikbira.com/collections/bira-kitleri/products/winter-lager>https://www.butikbira.com/collections/bira-kitleri/products/winter-lager</a>
Winter Pilsner;184.90;<a href=https://www.butikbira.com/collections/bira-kitleri/products/winter-pilsner>https://www.butikbira.com/collections/bira-kitleri/products/winter-pilsner</a>
Winter Stout;184.90;<a href=https://www.butikbira.com/collections/bira-kitleri/products/winter-stout>https://www.butikbira.com/collections/bira-kitleri/products/winter-stout</a>
Winter Wheat;184.90;<a href=https://www.butikbira.com/collections/bira-kitleri/products/winter-wheat>https://www.butikbira.com/collections/bira-kitleri/products/winter-wheat</a>
June - Açık Sarı - Şerbetçiotlu Malt Özü 2.2 kg;189.00;<a href=https://vinomarket.com.tr/urun/june-pilsner-serbetciotlu-malt-ozu>https://vinomarket.com.tr/urun/june-pilsner-serbetciotlu-malt-ozu</a>
BERLİN Böğürtlenli Ale Şerbetçi Otlu Malt Özü;189.90;<a href=https://www.fermantasyonmarket.com/urun/berlin-bogurtlenli-ale-serbetci-otlu-malt-ozu>https://www.fermantasyonmarket.com/urun/berlin-bogurtlenli-ale-serbetci-otlu-malt-ozu</a>
Berlin Böğürtlenli Ale Şerbetçi Otlu Malt Özü;189.90;<a href=https://www.kedikoy.com.tr/berlin-bogurtlenli-ale-serbetci-otlu-malt-ozu>https://www.kedikoy.com.tr/berlin-bogurtlenli-ale-serbetci-otlu-malt-ozu</a>
IPA Malt Özütü;191.00;<a href=https://www.tazemayse.com/urun/ipa-malt-ozutu>https://www.tazemayse.com/urun/ipa-malt-ozutu</a>
Amber Malty Set;219.90;<a href=https://www.biramarket.com/amber-malty-set>https://www.biramarket.com/amber-malty-set</a>
Bohemia Malty Set;219.90;<a href=https://www.biramarket.com/bohemia-malty-set1>https://www.biramarket.com/bohemia-malty-set1</a>
Briton Malty Set;219.90;<a href=https://www.biramarket.com/briton-malty-set>https://www.biramarket.com/briton-malty-set</a>
Nevermind Malty Set;219.90;<a href=https://www.biramarket.com/nevermind-malty-set>https://www.biramarket.com/nevermind-malty-set</a>
Stars Malty Set;219.90;<a href=https://www.biramarket.com/stars-malty-set>https://www.biramarket.com/stars-malty-set</a>
Belgian SAISON Ale Şerbetçi Otlu Malt Özü;229.90;<a href=https://www.fermantasyonmarket.com/urun/belgian-saison-ale-serbetci-otlu-malt-ozu>https://www.fermantasyonmarket.com/urun/belgian-saison-ale-serbetci-otlu-malt-ozu</a>
Abbaye Black Ale Şerbetçi Otlu Malt Özü;239.90;<a href=https://www.fermantasyonmarket.com/urun/abbaye-black-ale-serbetci-otlu-malt-ozu>https://www.fermantasyonmarket.com/urun/abbaye-black-ale-serbetci-otlu-malt-ozu</a>
Abbaye Black Ale Şerbetçi Otlu Malt Özü;239.90;<a href=https://www.kedikoy.com.tr/abbaye-black-ale-serbetci-otlu-malt-ozu>https://www.kedikoy.com.tr/abbaye-black-ale-serbetci-otlu-malt-ozu</a>
Abbaye Gold Ale Şerbetçi Otlu Malt Özü;239.90;<a href=https://www.fermantasyonmarket.com/urun/abbaye-gold-ale-serbetci-otlu-malt-ozu>https://www.fermantasyonmarket.com/urun/abbaye-gold-ale-serbetci-otlu-malt-ozu</a>
Belgian Saison Ale Şerbetçi Otlu Malt Özü;239.90;<a href=https://www.kedikoy.com.tr/belgian>https://www.kedikoy.com.tr/belgian</a>-saison-ale-serbetci-otlu-malt-ozu
Black Stout Malty Set;244.90;<a href=https://www.biramarket.com/black-stout-malty-set>https://www.biramarket.com/black-stout-malty-set</a>
Dark Malty Set;244.90;<a href=https://www.biramarket.com/dark>https://www.biramarket.com/dark</a>
Kashmir Wheaty Set;244.90;<a href=https://www.biramarket.com/kashmir-wheaty-set>https://www.biramarket.com/kashmir-wheaty-set</a>
Luna Wheaty Set;244.90;<a href=https://www.biramarket.com/luna-wheaty-set>https://www.biramarket.com/luna-wheaty-set</a>
Weizen Wheaty Set;244.90;<a href=https://www.biramarket.com/weizen-wheaty-set>https://www.biramarket.com/weizen-wheaty-set</a>
Abbaye Gold Ale Şerbetçi Otlu Malt Özü;249.90;<a href=https://www.kedikoy.com.tr/abbaye-gold-ale-serbetci-otlu-malt-ozu>https://www.kedikoy.com.tr/abbaye-gold-ale-serbetci-otlu-malt-ozu</a>
Belgian Blonde Malt Özütü;251.00;<a href=https://www.tazemayse.com/urun/german-lager-malt-ozutu>https://www.tazemayse.com/urun/german-lager-malt-ozutu</a>
